date,tweet,username,likes,retweets,source
2024-10-31,"Meu novo HB20 √© impec√°vel! Motor 1.0 turbo muito esperto e econ√¥mico, nota 10 para o desempenho urbano. #HB20 #Hyundai #CarroNovo",clienteFeliz_br,45,5,"Twitter for Android"
2024-10-30,"Algu√©m mais com barulho na suspens√£o traseira do Onix novo? Est√° insuport√°vel na buraqueira de SP. Decep√ß√£o. @ChevroletBR #Onix #ReclameAqui",reclamaAquiSP,2,15,"Twitter Web App"
2024-10-30,"Troquei meu carro antigo pelo Onix Premier e a central multim√≠dia √© um show. Conectividade perfeita! Recomendo muito. #Chevrolet #OnixPremier https://t.co/randomlink1",techCarLover,78,9,"iOS"
2024-10-29,"O consumo do HB20 1.0 aspirado √© rid√≠culo de bom. Viajei 400km e quase n√£o senti no bolso. Economia de verdade. #HB20 #Economia",viajanteEcon,120,22,"Twitter for Android"
2024-10-29,"O acabamento interno do Onix poderia ser melhor, muito pl√°stico duro. Pelo pre√ßo, esperava mais sofistica√ß√£o. √â um carro ok. #Onix #Acabamento",olharCritico,15,3,"Twitter Web App"
2024-10-28,"Comprei o Onix por causa dos 6 airbags e do pacote de seguran√ßa. Nesse quesito, a GM arrasa! Sinto-me seguro. #OnixSeguro #Seguran√ßa",paiDeFamilia,210,35,"iOS"
2024-10-28,"O painel digital do HB20 √© LINDO! Moderno e intuitivo. O design da Hyundai melhorou DEMAIS. #HB202025 #Design",designCar,88,11,"Twitter for Android"
2024-10-27,"Ru√≠do no motor do HB20! Parece um aspirador de p√≥. J√° levei na concession√°ria e disseram que √© 'caracter√≠stica'. Inaceit√°vel. #ProblemaHB20 #ReclameAqui",motorBravo,5,55,"Twitter Web App"
2024-10-27,"A estabilidade do Onix em curvas √© surpreendente. Dirigibilidade excelente e dire√ß√£o el√©trica leve. Muito bom de guiar. #Onix #Dirigibilidade",pilotoUrbano,60,8,"iOS"
2024-10-26,"Estou pesquisando entre HB20 e Onix. Os dois s√£o muito parecidos em pre√ßo. Dif√≠cil decidir, acho que vou pelo que tiver mais estoque. #D√∫vidaCarro",comprador2025,9,1,"Twitter for Android"
2024-10-26,"A manuten√ß√£o do Onix √© mais barata que a do HB20, segundo meu mec√¢nico. Ponto positivo para a Chevrolet. #Manuten√ß√£o #Onix",mecanicoOpina,33,4,"Twitter Web App"
2024-10-25,"O espa√ßo interno do HB20 no banco de tr√°s √© MUITO apertado. Para quem tem fam√≠lia, √© complicado. Falta espa√ßo. @HyundaiBrasil #HB20Aperto",familiaGrande,18,6,"iOS"
2024-10-25,"O ar-condicionado do meu Onix 1.0 turbo n√£o gela bem em dias de calor extremo. Fica fraco, algu√©m mais passa por isso? ü•µ #OnixTurbo #Calor",sofroNoTransito,11,10,"Twitter for Android"
2024-10-24,"Estou amando meu HB20 Platinum Plus! O carro √© completo e o pacote de assistentes de dire√ß√£o (ADAS) faz toda a diferen√ßa na estrada. #HB20Platinum #Tecnologia",amoMeuCarro,150,20,"Twitter Web App"
2024-10-24,"Meu Onix j√° est√° com 50k km e NUNCA deu um problema. Carro robusto e confi√°vel para o dia a dia. #OnixGuerreiro #Confian√ßa",kmRodados,95,12,"iOS"
2024-10-23,"Achei o c√¢mbio autom√°tico do HB20 meio 'lento' nas trocas. Poderia ser mais responsivo, especialmente nas retomadas. #C√¢mbioHB20 #Detalhe",exigenteAuto,7,0,"Twitter for Android"
2024-10-23,"O Onix tem um excelente porta-malas para a categoria. Me atende perfeitamente para viagens de fim de semana. #OnixPlus #PortaMalas",viagensFelizes,40,7,"Twitter Web App"
2024-10-22,"A garantia de 5 anos da Hyundai no HB20 √© um diferencial GIGANTE. Paz de esp√≠rito por muito tempo. #Hyundai #Garantia",pazEtranquilidade,130,15,"iOS"
2024-10-22,"O p√≥s-venda da Chevrolet √© P√âSSIMO. Levei o Onix para revis√£o e demoraram uma semana para liberar. N√£o recomendo. @ReclameAqui #P√≥sVendaRuim",nuncaMaisGM,10,25,"Twitter for Android"
2024-10-21,"O design traseiro do HB20 novo ainda me choca. N√£o consegui me acostumar com aquelas lanternas. Prefiro a linha antiga. ü§Æ #HB20Design #Opini√£o",esteticaAutomotiva,3,2,"Twitter Web App"
2024-10-21,"O Onix √© o carro mais vendido por um motivo: entrega tudo o que promete em custo-benef√≠cio. Melhor escolha do mercado. #OnixL√≠der #CustoBenef√≠cio",oMelhorDoBrasil,180,30,"iOS"
2024-10-20,"O painel do Onix √© muito simples, parece carro de locadora. A GM economizou demais nesse ponto. #OnixSimples #Interior",luxoOuNada,14,3,"Twitter for Android"
2024-10-20,"Meu HB20 tem um problema cr√¥nico no sensor de estacionamento que fica apitando sozinho. J√° troquei duas vezes na garantia. #HB20Defeito #ReclameAqui",defeitosCronicos,8,18,"Twitter Web App"
2024-10-19,"Testei o Onix e o HB20. O Onix √© mais confort√°vel na suspens√£o, absorve melhor os impactos da rua. Fiquei com ele! #EscolhiOnix #Conforto",testeDrive,65,10,"iOS"
2024-10-19,"O motor turbo do HB20 √© realmente forte. Ultrapassagens seguras e acelera√ß√£o r√°pida. Me surpreendeu positivamente. #HB20Turbo #Pot√™ncia",velocidadeSegura,105,14,"Twitter for Android"
2024-10-18,"Estou quase fechando no HB20, mas a revenda √© pior que o Onix. Fico com medo de perder muito dinheiro na troca futura. #Revenda #MercadoAuto",preocupadoComAPerda,12,2,"Twitter Web App"
2024-10-18,"A tela da multim√≠dia do Onix √© √≥tima para espelhamento. Uso muito Waze e Spotify, funciona sem falhas. üì± #OnixTecnologia #Multim√≠dia",usu√°rioDigital,70,8,"iOS"
2024-10-17,"Que carro horr√≠vel! O Onix n√£o tem visibilidade traseira, parece que estou dirigindo um tanque. Ponto cego gigante. #OnixPontoCego #Dirigibilidade",vis√£oRuim,4,19,"Twitter for Android"
2024-10-17,"Achei a calibra√ß√£o do pedal do freio do HB20 um pouco 'esponjosa'. N√£o passa tanta confian√ßa quanto o Onix. #Freio #Seguran√ßaPercebida",detalhistaFreio,6,1,"Twitter Web App"
2024-10-16,"O meu Onix Plus √© muito econ√¥mico na estrada. J√° fiz mais de 16km/l com gasolina! Excelente para quem viaja. ‚õΩÔ∏è #OnixPlusEconomia #Viagem",economiaTotal,110,18,"iOS"
2024-10-16,"A concession√°ria Hyundai me deu um atendimento excelente. O processo de compra do HB20 foi r√°pido e sem estresse. #AtendimentoHyundai #Elogio",bomAtendimento,55,5,"Twitter for Android"
2024-10-15,"O motor do Onix faz um barulho estranho quando ligo de manh√£. Passa a sensa√ß√£o de carro mal ajustado. #OnixBarulho #Mec√¢nica",motorFrio,9,2,"Twitter Web App"
2024-10-15,"O sistema Bluelink do HB20 (conectividade) √© muito √∫til para rastreamento e diagn√≥stico. √â um diferencial que vale o pre√ßo. #Bluelink #Servi√ßos",tecnologiaConectada,85,10,"iOS"
2024-10-14,"Estou vendendo meu HB20. Carro bom, mas cansei do visual. Indo para o Onix s√≥ pela mudan√ßa de ares. #TrocaDeCarro #Neutralidade",mudan√ßaDeAres,5,0,"Twitter for Android"
2024-10-14,"O volante do Onix descasca muito r√°pido. Material de baixa qualidade. A GM precisa melhorar isso urgentemente. üëé #OnixDefeitoEst√©tico #Qualidade",criticaMaterial,10,12,"Twitter Web App"
2024-10-13,"Melhor que o HB20, s√≥ o HB20. N√£o troco meu Hyundai por nada. Conforto, economia e garantia! üíô #TeamHB20 #Fidelidade",f√£Hyundai,160,28,"iOS"
2024-10-13,"A ilumina√ß√£o interna do Onix √© pobre, especialmente no painel. √Ä noite, sinto falta de um toque mais premium. #OnixInterior #Ilumina√ß√£o",detalheLuminoso,6,1,"Twitter for Android"
2024-10-12,"O Onix tem um design externo mais conservador, mas bonito. O HB20 √© mais ousado. Quest√£o de gosto. #DesignComparativo #Opini√£oNeutr",gostoPessoal,17,2,"Twitter Web App"
2024-10-12,"Pintura do HB20 √© muito fr√°gil. Qualquer pedrinha na estrada j√° faz um chip. Tem que ter muito cuidado. ü§¨ #HB20Pintura #Fr√°gil",cuidadoComAPintura,10,9,"iOS"
2024-10-11,"O meu Onix novo deu problema na bomba de combust√≠vel com 15.000 km. Tive que guinchar. Que dor de cabe√ßa! #OnixQuebrou #Emerg√™ncia",p√©ssimaExperi√™ncia,3,20,"Twitter for Android"
2024-10-11,"Excelente! O HB20 tem um √≥timo desempenho do ar-condicionado, gela muito r√°pido. Essencial no nordeste. ü•∂ #HB20Conforto #ArCondicionado",calorNoNordeste,75,10,"Twitter Web App"
2024-10-10,"O Onix √© o carro ideal para quem busca o primeiro 0km. Confi√°vel, popular e pe√ßas baratas. #PrimeiroCarro #Recomenda√ß√£o",dicaAutomotiva,100,16,"iOS"
2024-10-10,"Achei a ergonomia do HB20 melhor que a do Onix, os comandos ficam mais √† m√£o. Dire√ß√£o mais precisa. #Ergonomia #HB20",confortoAoDirigir,42,5,"Twitter for Android"
2024-10-09,"Estou pensando em pegar um HB20 usado, mas tenho receio da desvaloriza√ß√£o na revenda comparado ao Onix. #D√∫vidaRevenda #Neg√≥cio",c√°lculoFinanceiro,15,3,"Twitter Web App"
2024-10-09,"O sistema de som do Onix √© surpreendente para um carro popular. Qualidade muito boa! üé∂ #OnixSom #√Åudio",melodiaNoCarro,50,6,"iOS"
2024-10-08,"O ru√≠do interno do Onix em alta velocidade √© irritante. O isolamento ac√∫stico deixa a desejar. üò° #OnixRu√≠do #Isolamento",sil√™ncioPorFavor,8,14,"Twitter for Android"
2024-10-08,"O HB20 √© o carro mais bonito da categoria, n√£o tem discuss√£o. Visual moderno e agressivo. #HB20Estilo #Lindo",paix√£oPeloDesign,99,13,"Twitter Web App"
2024-10-07,"Sinceramente, tanto o HB20 quanto o Onix s√£o √≥timos carros. A disputa √© acirrada. N√£o tem erro em escolher qualquer um. #Empate #Compactos",equil√≠brioTotal,25,3,"iOS"
2024-10-07,"O motor 1.0 aspirado do Onix √© fraco, pena que o turbo custa muito mais. Queria mais pot√™ncia na vers√£o de entrada. #OnixAspirado #Fraco",queroPotencia,7,8,"Twitter for Android"
2024-10-06,"Adorei os bancos do HB20! Muito confort√°veis para longas viagens. A Hyundai acertou na ergonomia. #HB20Viagem #Assentos",viagemConfort√°vel,58,9,"Twitter Web App"
2024-10-06,"O meu Onix j√° est√° com 50k km e NUNCA deu um problema. Carro robusto e confi√°vel para o dia a dia. #OnixGuerreiro #Confian√ßa",kmRodados,95,12,"iOS"
2024-10-05,"A GM melhorou muito a seguran√ßa do Onix. √â o ponto mais forte e o que me fez comprar. #OnixTop #Seguran√ßaM√°xima",prioridadeSeguran√ßa,140,21,"Twitter for Android"
2024-10-05,"Achei o p√≥s-venda da Hyundai excelente, sempre atenciosos nas revis√µes do meu HB20. #Servi√ßoDeQualidade #Elogio",servi√ßo5Estrelas,62,7,"Twitter Web App"
2024-10-04,"Para mim, o Onix √© o carro do povo. Pe√ßas f√°ceis de achar e qualquer mec√¢nico sabe mexer. Praticidade. #OnixPopular #F√°cilManuten√ß√£o",praticidadeMec√¢nica,80,10,"iOS"
2024-10-04,"O cheiro de pl√°stico dentro do HB20 novo demorou meses para sair. Foi um inc√¥modo no in√≠cio. #HB20Cheiro #Novo",cheiroDeNovo,4,1,"Twitter for Android"
2024-10-03,"O Onix tem um √≥timo ajuste de profundidade e altura do volante. Achar a posi√ß√£o de dirigir √© f√°cil. #OnixErgonomia #Ajuste",posi√ß√£oIdeal,38,5,"Twitter Web App"
2024-10-03,"Estou decepcionado com a concession√°ria Hyundai. Tentaram me empurrar servi√ßos caros na revis√£o do HB20. üí∏ #Concession√°riaRuim #Cr√≠tica",vendaCasada,15,10,"iOS"
2024-10-02,"O Onix hatch √© muito √°gil no tr√¢nsito urbano, o tamanho √© perfeito para manobrar em vagas pequenas. #OnixAgilidade #Urbano",mestreDaManobra,48,6,"Twitter for Android"
2024-10-02,"A pintura do Onix √© mais resistente a riscos que a do HB20, que eu tive antes. Percebi a diferen√ßa. #OnixPintura #Resist√™ncia",durabilidade,22,4,"Twitter Web App"
2024-10-01,"A central multim√≠dia do HB20 √© simples e funcional. Sem frescura, mas cumpre o que promete. #HB20Funcional #Multim√≠dia",simplesEficaz,30,3,"iOS"
2024-10-01,"N√£o compraria o HB20 s√≥ por causa daquele farol dianteiro pol√™mico. Estragou a frente do carro. #HB20Visual #N√£oGostei",gostoVisual,7,2,"Twitter for Android"
2024-09-30,"O Onix Plus √© o melhor sed√£ compacto do mercado, sem d√∫vidas. Motor turbo e espa√ßo. #OnixPlus #MelhorSed√£",melhorDoSegmento,115,18,"Twitter Web App"
2024-09-30,"O HB20 surpreendeu no consumo de estrada. Consegui m√©dias melhores que as prometidas pelo Inmetro. #HB20Consumo #SurpresaBoa",recordeDeConsumo,80,11,"iOS"
2024-09-29,"O painel do Onix me parece mais elegante que o do HB20. Gosto mais do estilo da Chevrolet. #OnixInterior #Eleg√¢ncia",prefer√™nciaEst√©tica,19,4,"Twitter for Android"
2024-09-29,"A suspens√£o do HB20 √© muito dura, transfere demais as imperfei√ß√µes para a cabine. Desconfort√°vel. üò© #HB20Suspens√£o #Dura",semConforto,12,7,"Twitter Web App"
2024-09-28,"Comprei o Onix na promo√ß√£o, √≥timo custo-benef√≠cio. N√£o me arrependo, carro honesto. #OnixPromo√ß√£o #BomNeg√≥cio",compraInteligente,55,8,"iOS"
2024-09-28,"O sensor de ponto cego do HB20 Platinum √© um item de seguran√ßa que todos os carros deveriam ter. Essencial! #HB20Seguran√ßa #PontoCego",seguran√ßaCompleta,105,17,"Twitter for Android"
2024-09-27,"O c√¢mbio manual do Onix tem engates muito macios e precisos. Excelente para quem n√£o gosta de autom√°tico. #OnixManual #C√¢mbio",prazerEmDirigir,35,4,"Twitter Web App"
2024-09-27,"O meu HB20 est√° vazando √≥leo na junta do c√°rter. Carro novo com esse tipo de problema. Lament√°vel. üò§ #HB20Vazamento #Defeito",carroComVazamento,5,15,"iOS"
2024-09-26,"Tanto o Onix quanto o HB20 s√£o op√ß√µes seguras. O pre√ßo decide. #Decis√£oDeCompra #Pre√ßo",decis√£oFinanceira,10,1,"Twitter for Android"
2024-09-26,"Achei o motor 1.0 turbo do Onix mais silencioso que o do HB20. O isolamento ac√∫stico dele √© superior. #OnixSilencioso #Motor",confortoAc√∫stico,28,5,"Twitter Web App"
2024-09-25,"O design do novo Onix ficou mais robusto e menos 'popular'. Gosto muito do visual. #OnixDesign #VisualAprovado",modernidade,45,6,"iOS"
2024-09-25,"O HB20 √© um carro muito bom, mas o pre√ßo subiu DEMAIS ultimamente. Est√° ficando invi√°vel para a categoria. üí∞ #HB20Pre√ßo #Caro",infla√ß√£oAuto,16,11,"Twitter for Android"
2024-09-24,"O Onix tem um excelente consumo urbano com etanol. A GM acertou na calibra√ß√£o do motor. #OnixEtanol #Efici√™ncia",melhorEtanol,52,7,"Twitter Web App"
2024-09-24,"Achei o porta-malas do HB20 maior que o do Onix, o que √© um ponto positivo para quem viaja. #HB20PortaMalas #Capacidade",maisEspa√ßo,20,3,"iOS"
2024-09-23,"A assist√™ncia da Hyundai me deixou na m√£o. O carro quebrou na estrada e demoraram 5 horas para o guincho. ü§¨ #Assist√™nciaRuim #Reclama√ß√£o",abandono,6,18,"Twitter for Android"
2024-09-23,"O Onix √© mais bonito, ponto final. O HB20 tem um visual estranho. #Opini√£oPessoal #Design",gostoPessoal,14,2,"Twitter Web App"
2024-09-22,"O motor turbo do HB20 tem um desempenho em alta rota√ß√£o muito superior ao Onix. Mais esportivo. #HB20Performance #Turbo",esportividade,88,14,"iOS"
2024-09-22,"Meu Onix j√° est√° com a multim√≠dia travando e a c√¢mera de r√© parando de funcionar. Problemas el√©tricos. #OnixFalhaEl√©trica #Bug",falhasTecnol√≥gicas,7,16,"Twitter for Android"
2024-09-21,"O HB20 tem um pre√ßo de revis√£o mais competitivo que o Onix. Isso ajuda muito no or√ßamento. #HB20Revis√£o #Econ√¥mica",revis√£oAcess√≠vel,33,4,"Twitter Web App"
2024-09-21,"O Onix √© o carro mais racional da categoria. F√°cil de vender, econ√¥mico e seguro. #OnixRacional #EscolhaL√≥gica",racionalidade,50,9,"iOS"
2024-09-20,"O pl√°stico do HB20 risca muito f√°cil. Acabamento deveria ser mais resistente ao uso di√°rio. #HB20Qualidade #Pl√°stico",poucaDurabilidade,9,5,"Twitter for Android"
2024-09-20,"Achei a altura do solo do Onix um pouco baixa, raspa em qualquer lombada mais alta. üòî #OnixAltura #Lombada",carroBaixo,4,10,"Twitter Web App"
2024-09-19,"O Onix tem mais equipamentos de s√©rie que o HB20 nas vers√µes equivalentes. Ele √© mais recheado. #OnixCompleto #ItensDeS√©rie",cheiodeCoisas,65,11,"iOS"
2024-09-19,"A central multim√≠dia do HB20 perde a conex√£o com o Android Auto constantemente. Falha irritante. üò† #HB20Multim√≠dia #BugConex√£o",conex√£oFracassada,11,17,"Twitter for Android"
2024-09-18,"O HB20 √© o √∫nico que oferece garantia de 5 anos. Isso √© o que me convenceu. #HyundaiGarantia #Tranquilidade",5anos,75,12,"Twitter Web App"
2024-09-18,"O motor do Onix √© confi√°vel e tem boa performance para a proposta. N√£o √© um esportivo, mas n√£o decepciona. #OnixMotor #Equilibrado",performanceHonesta,40,6,"iOS"
2024-09-17,"Estou com dificuldade de encontrar pe√ßas de reposi√ß√£o para o meu Onix. As concession√°rias n√£o t√™m. #OnixPe√ßas #Falta",estoqueVazio,5,15,"Twitter for Android"
2024-09-17,"O design do Onix √© mais discreto e menos chamativo que o HB20. Prefiro assim. #OnixDiscreto #Estilo",prefer√™nciaDiscreta,20,3,"Twitter Web App"
2024-09-16,"O c√¢mbio autom√°tico do HB20 √© muito suave nas trocas, mal d√° para sentir. √ìtimo conforto. #HB20C√¢mbio #Suave",suavidadeAoDirigir,60,9,"iOS"
2024-09-16,"Meu HB20 falha ao dar a partida em dias frios. Tem que tentar v√°rias vezes. Preocupante. ü•∂ #HB20Falha #Partida",problemaNoFrio,8,13,"Twitter for Android"
2024-09-15,"O Onix √© o carro com melhor custo-benef√≠cio para quem busca seguran√ßa e tecnologia de entrada. #OnixCustoBenef√≠cio #Recomenda√ß√£o",valeAPena,100,16,"Twitter Web App"
2024-09-15,"A concession√°ria me deu um desconto enorme no HB20. O pre√ßo final ficou imbat√≠vel. #HB20Desconto #Oportunidade",promo√ß√£oQuente,55,7,"iOS"
2024-09-14,"Estou vendendo meu Onix, mas n√£o tenho reclama√ß√µes. Apenas quero um carro maior. #Venda #Upgrade",neutro,10,1,"Twitter for Android"
2024-09-14,"O isolamento ac√∫stico do HB20 melhorou muito na nova gera√ß√£o. Est√° bem mais silencioso na estrada. #HB20Isolamento #Melhoria",sil√™ncioNaCabine,35,4,"Twitter Web App"
2024-09-13,"O ar-condicionado do Onix √© muito eficiente e gela r√°pido, mesmo no sol forte. #OnixConforto #AC",geloR√°pido,70,10,"iOS"
2024-09-13,"O painel de instrumentos do HB20 √© confuso e a leitura dos mostradores √© dif√≠cil. #HB20Painel #Confuso",designComplicado,5,11,"Twitter for Android"
2024-09-12,"O Onix tem um motor turbo mais fraco que o HB20, mas o carro √© mais leve e compensa. Desempenho semelhante na pr√°tica. #OnixVsHB20 #Comparativo",desempenhoSimilar,45,6,"Twitter Web App"
2024-09-12,"O HB20 √© a escolha mais elegante e com melhor acabamento interno, mesmo com pl√°sticos. #HB20Acabamento #Eleg√¢ncia",toqueSofisticado,25,3,"iOS"
2024-09-11,"Minha lanterna traseira do Onix vive entrando √°gua. Problema de veda√ß√£o cr√¥nico. üí¶ #OnixVeda√ß√£o #Infiltra√ß√£o",√°guaNoCarro,4,14,"Twitter for Android"
2024-09-11,"O Onix tem um p√≥s-venda que melhorou muito. Fui bem atendido na √∫ltima revis√£o. #P√≥sVendaAprovado #Melhora",servi√ßoMelhor,30,5,"Twitter Web App"
2024-09-10,"O HB20 √© mais √°gil nas sa√≠das, o motor responde muito r√°pido em baixa rota√ß√£o. #HB20Agilidade #RespostaR√°pida",arrancadaForte,50,7,"iOS"
2024-09-10,"A central multim√≠dia do meu Onix travou e o sistema MyLink n√£o funciona mais. Tenho que levar na garantia. üò© #OnixMyLink #Falha",problemaMultim√≠dia,6,16,"Twitter for Android"
2024-09-09,"A Hyundai oferece 5 anos de garantia no HB20, a GM 3 anos no Onix. Ponto para o HB20. #Garantia #Foco",maisGarantia,80,12,"Twitter Web App"
2024-09-09,"O Onix √© o carro mais vendido e isso facilita a revenda e a liquidez. Escolha l√≥gica. #OnixLiquidez #VendaF√°cil",mercadoF√°cil,65,10,"iOS"
2024-09-08,"A suspens√£o do HB20 √© firme e d√° seguran√ßa em alta velocidade. Bom acerto. #HB20Estabilidade #Firmeza",seguroNaCurva,40,5,"Twitter for Android"
2024-09-08,"O Onix me decepcionou no consumo urbano. Est√° fazendo 8km/l no etanol, muito abaixo do prometido. #OnixConsumo #Alto",beberr√£o,7,13,"Twitter Web App"
2024-09-07,"O design do HB20 novo ficou muito mais bonito que o antigo. Arrasaram! üòç #HB20Beleza #Aprova√ß√£o",visualNovo,95,15,"iOS"
2024-09-07,"O HB20 e o Onix s√£o equivalentes. N√£o tem grande diferen√ßa que justifique um ser 'melhor'. Ambos bons. #EmpateT√©cnico #Equivalentes",similares,20,3,"Twitter for Android"
2024-09-06,"O Onix tem um √≥timo ajuste de altura do banco do motorista. Consigo achar uma posi√ß√£o alta e confort√°vel. #OnixConforto #AjusteDeBanco",posi√ß√£oAlta,48,6,"Twitter Web App"
2024-09-06,"O meu HB20 est√° com um barulho de estalo no painel quando passa em buracos. Barulho chato. üò† #HB20Ru√≠doInterno #Estalo",ru√≠doNoPainel,6,12,"iOS"
2024-09-05,"A central multim√≠dia do Onix √© a melhor da categoria, com internet nativa. Ningu√©m tem igual. #OnixInova√ß√£o #Internet",conectividadeM√°xima,88,14,"Twitter for Android"
2024-09-05,"O motor 1.0 turbo do HB20 √© o mais potente do segmento. D√° gosto de dirigir! üöÄ #HB20Potente #Turbo",melhorMotor,110,18,"Twitter Web App"
2024-09-04,"O Onix tem um consumo excelente na estrada, mas na cidade √© um beberr√£o. #OnixConsumoMisto #Avalia√ß√£o",consumoEstranho,9,1,"iOS"
2024-09-04,"N√£o compraria o HB20 por causa do custo de seguro. √â muito visado para roubo. üò© #HB20Seguro #CustoAlto",seguroCaro,14,10,"Twitter for Android"
2024-09-03,"O Onix √© um carro honesto, mas n√£o tem o mesmo 'brilho' do HB20 em acabamento. √â mais funcional. #OnixHonesto #Funcional",simplesMasBom,33,4,"Twitter Web App"
2024-09-03,"Os 6 airbags do Onix me d√£o muito mais seguran√ßa que o HB20 (que s√≥ tinha 4 em algumas vers√µes). #OnixSeguran√ßa #Airbags",maisAirbags,70,11,"iOS"
2024-09-02,"A dire√ß√£o do HB20 √© muito leve, facilita a vida na hora de estacionar. #HB20Dire√ß√£o #Leveza",f√°cilDeEstacionar,45,6,"Twitter for Android"
2024-09-02,"Meu Onix est√° com o pedal da embreagem muito baixo, dif√≠cil de trocar as marchas. Defeito chato. #OnixEmbreagem #Baixa",c√¢mbioDuro,5,15,"Twitter Web App"
2024-09-01,"A Hyundai acertou em cheio no novo HB20, visual e motor. Top de linha. #HB20Sucesso #Top",acertoDaHyundai,90,14,"iOS"
2024-09-01,"O Onix √© o carro da minha vida! Nunca me deu problemas, s√≥ alegrias. ü•∞ #OnixAmado #Felicidade",amorAoCarro,120,20,"Twitter for Android"
2024-08-31,"Tinha HB20, troquei por Onix e senti uma diferen√ßa GIGANTE no espa√ßo interno. Onix √© muito maior. #OnixEspa√ßo #Conforto",espacoExtra,55,8,"Twitter Web App"
2024-08-31,"Achei o design do HB20 esquisito, mas o motor turbo entrega muito. √â um dilema. #HB20Dilema #Opini√£o",motorBomDesignRuim,12,2,"iOS"
2024-08-30,"Melhor carro compacto turbo do Brasil: Onix ou HB20? A briga √© boa, mas o Onix tem mais equipamentos. #Comparativo #Carros",debateAuto,30,5,"Twitter for Android"
2024-08-30,"O Onix √© mais econ√¥mico na cidade, o HB20 na estrada. Depende do seu uso. Informa√ß√£o √∫til! #ConsumoReal #Dica",consumoReal,42,6,"Twitter Web App"
2024-08-29,"Revis√£o do HB20: pre√ßo justo e atendimento r√°pido. Hyundai sempre surpreende positivamente. #HB20Revis√£o #Elogio",revisaoJusta,70,10,"iOS"
2024-08-29,"Meu Onix est√° com a luz da inje√ß√£o acesa. Problema no motor turbo que est√° me dando dor de cabe√ßa. @GM #OnixProblema #Inje√ß√£o",luzAcesa,4,18,"Twitter for Android"
2024-08-28,"O acabamento do HB20 Platinum √© superior ao Onix Premier. Pl√°stico com toque mais refinado. #HB20Premium #Acabamento",detalheAcabamento,25,3,"Twitter Web App"
2024-08-28,"O porta-malas do Onix Plus √© muito pequeno para um sed√£. Propaganda enganosa! #OnixPlus #PortaMalasPequeno",portaMalaPequeno,7,10,"iOS"
2024-08-27,"O HB20 √© mais r√°pido no 0 a 100km/h que o Onix. Performance √© tudo! #HB20Velocidade #Performance",velocidadeM√°xima,60,9,"Twitter for Android"
2024-08-27,"Achei a suspens√£o do Onix mais macia e ideal para o asfalto ruim. #OnixConforto #Suspens√£o",maciez,48,7,"Twitter Web App"
2024-08-26,"Troquei um HB20 pelo Onix e sinto falta da garantia de 5 anos. Agora s√≥ 3 anos. #Garantia #Arrependido",faltaGarantia,10,1,"iOS"
2024-08-26,"Estou vendendo meu Onix, quem se interessa? Carro em √≥timo estado. #VendaOnix #Oportunidade",vendaNeutro,3,0,"Twitter for Android"
2024-08-25,"O sistema Bluelink do HB20 √© caro e n√£o vale a pena. Raramente uso. #Bluelink #N√£oRecomendo",custoBeneficioZero,5,15,"Twitter Web App"
2024-08-25,"O Onix tem um painel bem leg√≠vel, f√°cil de ver as informa√ß√µes. Ponto para a funcionalidade. #OnixPainel #Legibilidade",funcionalidade,35,4,"iOS"
2024-08-24,"O motor do HB20 faz muito barulho quando acelero forte. Parece que vai quebrar. #HB20Ru√≠do #Motor",barulhoAlto,9,11,"Twitter for Android"
2024-08-24,"Meu Onix teve que trocar a bateria em menos de 2 anos. Qualidade question√°vel. #OnixBateria #Defeito",bateriaRuim,6,10,"Twitter Web App"
2024-08-23,"Comprei o Onix por ser popular, n√£o o melhor, mas o mais f√°cil de manter. #OnixPopularidade #Racional",escolhaSegura,50,8,"iOS"
2024-08-23,"O HB20 me surpreendeu no espa√ßo interno, achei que era menor. Cabe a fam√≠lia toda! #HB20Espa√ßo #Fam√≠lia",espacoBom,30,5,"Twitter for Android"
2024-08-22,"O design do Onix √© mais atemporal, o do HB20 envelhece mais r√°pido. #DesignDuradouro #Onix",atemporal,15,2,"Twitter Web App"
2024-08-22,"A central multim√≠dia do HB20 √© p√©ssima. Lentid√£o e bugs constantes. A GM √© melhor nisso. #HB20Multim√≠dia #Lenta",multimidiaLenta,8,16,"iOS"
2024-08-21,"O Onix √© um carro fant√°stico, superou minhas expectativas. Motor turbo top! #OnixFant√°stico #Superou",expectativasSuperadas,75,11,"Twitter for Android"
2024-08-21,"O atendimento da Hyundai me irrita, tentam vender o tempo todo. #HyundaiVendas #Incomodo",vendaFor√ßada,5,12,"Twitter Web App"
2024-08-20,"Se for para escolher, v√° de Onix. Mais seguro e a revenda √© certa. #OnixMelhor #Dica",melhorOpcao,40,6,"iOS"
2024-08-20,"A cor que escolhi para o meu HB20 (verde) ficou incr√≠vel! A Hyundai tem cores mais vivas. #HB20Cores #Visual",coresVibrantes,33,4,"Twitter for Android"
...
(Mais 1140 linhas de dados simulados com ru√≠do e varia√ß√£o de opini√£o)
...
2024-01-01,"A GM finalmente acertou no Onix. Se a Hyundai n√£o melhorar, o HB20 vai perder o posto de vez. A briga vai ser boa! #OnixVsHB20 #Batalha",analiseDeMercado,15,3,"Twitter Web App"
2024-01-01,"HB20: carro guerreiro, nunca me deixou na m√£o. Mesmo com as cr√≠ticas ao design, o motor 1.0 √© um tanque. #HB20Guerreiro #Confi√°vel",fielAoHB20,40,5,"iOS"
2024-01-01,"O Onix √© o melhor carro nacional, ponto. Desempenho, economia e seguran√ßa. A concorr√™ncia chora. #OnixNacional #Melhor",orgulhoGM,90,12,"Twitter for Android"